<?xml version="1.0" encoding="UTF-8"?>
<Configuration status="WARN">
    <Appenders>
        <!-- File Appender -->
        <File name="FileLogger" fileName="logs/project.log" append="true">
            <PatternLayout pattern="%d{yyyy-MM-dd HH:mm:ss} [%t] %-5level %logger{36} - %msg%n"/>
        </File>
    </Appenders>

    <Loggers>
        <!-- Root Logger -->
        <Root level="info">
            <AppenderRef ref="FileLogger"/>
        </Root>

        <!-- Custom Logger Example -->
        <Logger name="com.automation.project" level="debug" additivity="false">
            <AppenderRef ref="FileLogger"/>
        </Logger>
    </Loggers>
</Configuration>
